<?xml version="1.0" encoding="UTF-8"?>
<document type="com.apple.InterfaceBuilder3.CocoaTouch.Storyboard.XIB" version="3.0" toolsVersion="12121" systemVersion="16F73" targetRuntime="iOS.CocoaTouch" propertyAccessControl="none" useAutolayout="YES" useTraitCollections="YES" colorMatched="YES" initialViewController="BYZ-38-t0r">
    <device id="retina5_5" orientation="portrait">
        <adaptation id="fullscreen"/>
    </device>
    <dependencies>
        <deployment identifier="iOS"/>
        <plugIn identifier="com.apple.InterfaceBuilder.IBCocoaTouchPlugin" version="12089"/>
        <capability name="Constraints to layout margins" minToolsVersion="6.0"/>
        <capability name="documents saved in the Xcode 8 format" minToolsVersion="8.0"/>
    </dependencies>
    <scenes>
        <!--View Controller-->
        <scene sceneID="tne-QT-ifu">
            <objects>
                <viewController id="BYZ-38-t0r" customClass="ViewController" customModule="Share_Button_With_UIActivityViewController" customModuleProvider="target" sceneMemberID="viewController">
                    <layoutGuides>
                        <viewControllerLayoutGuide type="top" id="y3c-jy-aDJ"/>
                        <viewControllerLayoutGuide type="bottom" id="wfy-db-euE"/>
                    </layoutGuides>
                    <view key="view" contentMode="scaleToFill" id="8bC-Xf-vdC">
                        <rect key="frame" x="0.0" y="0.0" width="414" height="736"/>
                        <autoresizingMask key="autoresizingMask" widthSizable="YES" heightSizable="YES"/>
                        <subviews>
                            <button opaque="NO" contentMode="scaleToFill" contentHorizontalAlignment="center" contentVerticalAlignment="center" buttonType="roundedRect" lineBreakMode="middleTruncation" translatesAutoresizingMaskIntoConstraints="NO" id="hFm-HD-5zy">
                                <rect key="frame" x="116" y="353" width="182" height="30"/>
                                <state key="normal" title="Share"/>
                                <connections>
                                    <action selector="ShareBTN:" destination="BYZ-38-t0r" eventType="touchUpInside" id="aKv-OT-cGp"/>
                                </connections>
                            </button>
                            <imageView userInteractionEnabled="NO" contentMode="scaleToFill" horizontalHuggingPriority="251" verticalHuggingPriority="251" image="im2" translatesAutoresizingMaskIntoConstraints="NO" id="LFD-c1-Qzi">
                                <rect key="frame" x="71" y="152" width="272" height="163"/>
                            </imageView>
                        </subviews>
                        <color key="backgroundColor" red="1" green="1" blue="1" alpha="1" colorSpace="custom" customColorSpace="sRGB"/>
                        <constraints>
                            <constraint firstItem="hFm-HD-5zy" firstAttribute="centerX" secondItem="LFD-c1-Qzi" secondAttribute="centerX" id="0o7-pL-h4N"/>
                            <constraint firstItem="LFD-c1-Qzi" firstAttribute="leading" secondItem="8bC-Xf-vdC" secondAttribute="leadingMargin" constant="51" id="2rt-We-3bT"/>
                            <constraint firstItem="LFD-c1-Qzi" firstAttribute="top" secondItem="y3c-jy-aDJ" secondAttribute="bottom" constant="132" id="DlH-5f-39q"/>
                            <constraint firstItem="hFm-HD-5zy" firstAttribute="leading" secondItem="8bC-Xf-vdC" secondAttribute="leadingMargin" constant="96" id="FZl-Nk-6PP"/>
                            <constraint firstItem="hFm-HD-5zy" firstAttribute="top" secondItem="LFD-c1-Qzi" secondAttribute="bottom" constant="38" id="Fag-VQ-h1U"/>
                            <constraint firstItem="hFm-HD-5zy" firstAttribute="centerX" secondItem="8bC-Xf-vdC" secondAttribute="centerX" id="XWU-Qf-hs6"/>
                            <constraint firstItem="hFm-HD-5zy" firstAttribute="centerY" secondItem="8bC-Xf-vdC" secondAttribute="centerY" id="fQV-nC-v4t"/>
                        </constraints>
                    </view>
                    <connections>
                        <outlet property="imgViewOutlet" destination="LFD-c1-Qzi" id="ezT-Tn-xop"/>
                    </connections>
                </viewController>
                <placeholder placeholderIdentifier="IBFirstResponder" id="dkx-z0-nzr" sceneMemberID="firstResponder"/>
            </objects>
            <point key="canvasLocation" x="117.59999999999999" y="123.68815592203899"/>
        </scene>
    </scenes>
    <resources>
        <image name="im2" width="600" height="400"/>
    </resources>
</document>
